pkuid,msg,punto
"8",Ring Self-intersection at or near point 1308926.0361000001 4476059.9901000001,POINT(1308926.0361 4476059.9901)
"19",Ring Self-intersection at or near point 444979.6782999998 4320623.5325000007,POINT(444979.6783 4320623.5325)
